{
  "id": "token-ease",
  "title": "Token Ease",
  "description": "This module enhances native Foundry behavior by exposing easing, custom movement speed, and movement duration in the token configuration.",
  "authors": [
    {
      "name": "Henry Malinowski",
      "url": "https://github.com/henry-malinowski",
      "discord": "hmalinowski"
    },
    {
      "name": "Wasp",
      "url": "https://github.com/Haxxer",
      "discord": "Wasp#2005"
    },
    {
      "name": "Kerrec Snowmane",
      "url": "https://github.com/ggagnon76",
      "discord": "Kerrec Snowmane#5264"
    }
  ],
  "version": "1.4.0",
  "compatibility": {
    "minimum": "13",
    "verified": "13.348",
    "maximum": "13"
  },
  "esmodules": [
    "/scripts/module.js"
  ],
  "languages": [
    {
      "lang": "en",
      "name": "English",
      "path": "/languages/en.json"
    }
  ],
  "url": "https://github.com/henry-malinowski/FoundryVTT-TokenEase",
  "manifest": "https://github.com/henry-malinowski/FoundryVTT-TokenEase/releases/latest/download/module.json",
  "download": "https://github.com/henry-malinowski/FoundryVTT-TokenEase/releases/download/1.4.0/module.zip"
}
